<?xml version="1.0"?>
<!DOCTYPE hibernate-mapping PUBLIC "-//Hibernate/Hibernate Mapping DTD 3.0//EN"
                                   "http://hibernate.sourceforge.net/hibernate-mapping-3.0.dtd">
<!-- Generated Nov 13, 2014 2:49:57 PM by Hibernate Tools 3.4.0.CR1 -->
<hibernate-mapping>
	<class name="rocketDomain.RateDomainModel" table="tblRate">
		<id name="iRateID" type="integer">
			<column name="RateID" />
		</id>
		<property name="iMinCreditScore" type="integer">
			<column name="MinCreditScore" length="3" />
		</property>
		<property name="dInterestRate" type="double">
			<column name="INTERESTRATE" length="5" precision="4" />
		</property>
	</class>
</hibernate-mapping>
