<?xml version="1.0"?>
<!DOCTYPE hibernate-configuration PUBLIC "-//Hibernate/Hibernate Configuration DTD 3.0//EN"
                                         "http://www.hibernate.org/dtd/hibernate-configuration-3.0.dtd">
<hibernate-configuration>
	<session-factory>
		<property name="hibernate.dialect">org.hibernate.dialect.Oracle10gDialect</property>
		<property name="hibernate.default_schema">CLEMD</property>
		<property name="hibernate.connection.username">CLEMD</property>
		<property name="hibernate.connection.password">dac52995</property>
		<property name="hibernate.connection.url">jdbc:oracle:thin:@cisc181.ci3wacsy5j84.us-east-1.rds.amazonaws.com:1521:ORCL</property>
		<property name="show_sql">true</property>
		<property name="format_sql">true</property>
		<property name="hibernate.hbm2ddl.auto">update</property>
		<mapping resource="mapping/Rate.hbm.xml" />
	</session-factory>
</hibernate-configuration>